zip,city,state,lat,lng
72032,Conway,AR,35.0887,-92.4421
72034,Conway,AR,35.1000,-92.4500
72035,Conway,AR,35.0600,-92.4000
72113,North Little Rock,AR,34.8500,-92.3200
72201,Little Rock,AR,34.7465,-92.2896
72401,Jonesboro,AR,35.8423,-90.7043
72843,Russellville,AR,35.2784,-93.1338
72801,Russellville,AR,35.2784,-93.1338
72958,Fort Smith,AR,35.3859,-94.3985
72901,Fort Smith,AR,35.3859,-94.3985
71601,Pine Bluff,AR,34.2284,-92.0032
71901,Hot Springs,AR,34.5037,-93.0552
72143,Searcy,AR,35.2506,-91.7362
72110,Morrilton,AR,35.1509,-92.7435
72015,Benton,AR,34.5645,-92.5868
72560,Heber Springs,AR,35.4917,-92.0332
74103,Tulsa,OK,36.1540,-95.9928
38103,Memphis,TN,35.1495,-90.0490
75201,Dallas,TX,32.7767,-96.7970
63101,St. Louis,MO,38.6270,-90.1994
